5,225,English,Aya: Life in Yop City,2008-01-01
9,35,English,City of Clowns,2015-12-22
10,214,German,David Boring,2010-12-13
11,45,Russian,Дэдпул Истребляет Вселенную Марвел,2012-01-01
12,46,English,Deogratias,2006-01-01
13,178,German,Ed the Happy Clown,1993-01-01
14,178,Swedish,Ed the Happy Clown,1998-01-01
15,50,Spanish,Elektra Lives Again,2007-01-01
16,51,English,Epileptic,2005-01-01
17,52,Hebrew,קרוב רחוק Karov Rahok `close-far`,2008-01-01
18,52,French,Exit Wounds,2007-01-01
19,57,German,From Hell,2002-01-01
20,57,Dutch,From Hell,2010-01-01
21,57,Spanish,From Hell,2001-01-01
23,57,Norwegian,From hell : et victoriansk melodrama,2008-01-01
24,57,French,From Hell,2001-01-01
25,58,French,Fun Home - Une tragicomédie familiale ,2006-01-01
26,58,Italian,Fun Home: A Family Tragicomic,2007-01-01
27,58,Portuguese,Fun Home: Uma tragicomédia em família ,2007-01-01
28,58,German,Fun Home: Eine Familie von Gezeichneten ,2008-01-23
29,58,Polish,Fun Home: Tragikomiks rodzinny ,2009-03-08
30,58,Korean,Fun Home: A Family Tragicomic,
31,58,Hungarian,Fun Home: A Family Tragicomic,
32,60,German,Gemma Bovery,2011-01-01
33,60,Dutch,Gemma Bovery,2005-01-01
34,60,French,Gemma Bovery,2001-01-01
35,61,Dutch,Ghost World,1998-01-01
36,61,French,Monde Fantôme,1997-03-01
37,61,Norwegian,Ghost World,2002-01-01
38,61,Spanish,Mundo fantasmal,2001-01-01
39,61,Polish,Ghost World,2006-01-01
40,173,German,Habibi,2012-01-01
42,1,Dutch,Een contract met God,2008-01-01
43,1,Yiddish,An Opmakh mit Got,1984-01-01
44,219,German,A History of Violence,2006-01-01
46,11,Spanish,Asterios Polyp,2010-01-01
47,11,German,Asterios Polyp,2011-01-01
48,11,Italian,Asterios Polyp,2011-01-01
49,11,French,Asterios Polyp,2010-01-01
50,15,Spanish,Batman: victoria oscura,2012-01-01
51,18,French,Batman. Un long Halloween,2013-01-01
52,207,French,"Big questions : ou l'asomatognosie : au fait, à qui est cette main?",2012-01-01
53,24,German,Black Hole,2011-01-01
54,158,German,Blankets : ein illustrierter Roman,2005-01-01
55,158,Polish,Blankets : pod śnieżną kołderką,2006-01-01
56,25,German,Buddha 1. Kapilavastu,2012-01-01
57,176,German,Bumf,2016-01-01
58,65,French,Hicksville,2001-01-01
59,65,German,Hicksville,2012-01-01
60,213,French,Ice Haven,2010-01-01
61,194,Dutch,I Kill Giants,2011-01-01
62,212,Japanese,Tetsu de tsukutta berubetto no tebukuro no yoni,2005-05-01
63,77,Dutch,Logicomix : een epische zoektocht naar de waarheid,2010-01-01
64,77,French,Logicomix,2010-01-01
65,77,German,Logicomix: Eine epische Suche nach Wahrheit,2010-08-30
66,78,German,Lone Wolf & Cub Bd. I,2006-01-01
68,79,German,Lost Girls,2008-05-26
69,87,French,"Adieu, maman",2005-01-01
72,245,French,Oméga l'inconnu,2012-01-01
73,95,French,Palestine,2010-01-01
75,184,German,Die Löwen von Bagdad nach einer wahren Begebenheit,2007-01-01
76,102,German,RASL,2015-01-01
79,111,French,Loin d'être parfait,2008-01-01
81,112,German,Signal to Noise,2010-01-01
82,114,Dutch,Skim,2010-01-01
83,115,Spanish,Stuck rubber baby : mundos diferentes : una novela gráfica de Howard Cruse,2006-01-01
84,115,German,Stuck Rubber Baby,2011-01-01
85,115,Polish,Stuck rubber baby ,2011-01-01
86,117,Russian,Супермен. Красный сын,2014-01-01
87,4,German,Tale of Sand ,2014-01-01
88,167,French,Tantrum ,2008-01-01
89,119,German,Ein neues Land,2015-06-30
90,121,Japanese,Kyūyaku seisho : sōseikihen,2011-01-01
91,122,Spanish,Los Libros de la Magia ,2006-01-01
92,127,German,Die vollständige Maus,2008-04-01
93,127,Polish,Wydanie zbiorcze : Maus,2016-01-01
94,127,Russian,Маус : рассказ выжившего,2014-01-01
95,127,French,"L'Intégrale, Maus : un survivant raconte",1998-11-01
96,127,Romanian,Maus : povestea unui supravieţuitor,2012-01-01
97,127,Spanish,Maus I y II,2015-06-23
98,127,Catalan,Maus : relat d'un supervivent,2003-01-01
99,128,Nederlands,Persepolis,2013-01-01
100,128,English,The Complete Persepolis,2007-01-01
101,128,German,Persepolis,2013-01-01
102,191,French,Le Nao de Brown,2012-01-01
103,191,German,Das Nao in Brown ,2014-06-05
104,211,French,Le playboy,2013-01-01
106,151,French,Top 10: The Forty-Niners,2007-02-09
107,150,Italian,Verso la tempesta,1998-01-01
108,183,German,Ausgetrickst,2007-01-01
109,183,French,Dernier Rappels,2006-10-10
110,183,Spanish,Estafados,2012-01-01
111,183,Polish,Wykiwani,2009-06-01
114,156,Spanish,Watchmen,2013-01-01
115,156,Nederlands,Watchmen,2009-01-01
116,156,French,Watchmen,2013-01-01
117,156,German,Watchmen,2008-03-13
118,156,Italian,Watchmen,2008-03-01
119,156,Russian,Хранители,2016-01-01
120,215,German,Wimbledon Green der grösste Comicsammler der Welt ,2009-01-01
121,24,Russian,Черная дыра,2010-11-09
122,176,French,Bumf Vol.1,2015-01-01
123,34,German,Stadt aus Glas,2005-08-01
124,221,Spanish,Torpe,2007-01-23
125,221,French,Clumsy,2006-05-10
126,221,Russian,Неуклюжий,2014-01-01
127,40,Russian,Дардевил: Рожденный заново,2014-09-26
128,40,Serbian,Derdevil: Ponovo rođen,2016-01-01
129,40,Italian,Devil: Rinascita,2003-04-01
130,40,Polish,Daredevil: Odrodzony ,2013-01-01
131,40,Portuguese,Demolidor: A Queda De Murdock,2017-06-27
132,40,Croatian,Daredevil: Ponovo rođen,2012-03-20
133,40,French,Daredevil: Renaissance,1997-01-01
134,40,Czech,Daredevil: Zmrtvýchvstání,2013-01-01
135,40,German,Daredevil: Auferstehung,2015-07-20
136,41,Portuguese,Demolidor: O Homem Sem Medo,2009-01-01
137,41,Spanish,Daredevil: El Hombre sin Miedo ,2008-01-01
138,41,Romanian,Daredevil Neînfricatul,2016-04-01
139,41,Czech,Daredevil: Rok jedna,2011-01-01
140,41,Italian,L'uomo senza paura. Daredevil,2015-10-01
141,41,Turkish,Daredevil: Korkusuz,2017-03-01
142,41,German,Daredevil: Der Mann ohne Furcht ,2015-10-12
143,41,French,Daredevil. L'Homme sans peur ,1997-01-01
144,45,Spanish,Deadpool mata al Universo Marvel ,2012-11-01
145,45,Turkish,Deadpool Marvel Evreni’ni Öldürüyor ,2014-03-01
146,45,Romanian,Deadpool Omoară Universul Marvel ,2015-11-15
147,45,French,Deadpool massacre Marvel ,2014-01-01
148,45,German,Deadpool killt das Marvel-Universum ,2013-05-07
149,133,Spanish,El Incal: Integral,2009-11-17
150,133,Italian,L'Incal. Integrale,2008-09-01
151,133,Czech,Incal,2011-01-01
152,133,Turkish,Incal ,2017-04-01
153,133,Swedish,Inkalen,2009-12-18
154,133,Finnish,INCAL,2011-09-01
156,133,Dutch,De Incal: Integraal,2010-09-17
157,133,Danish,Inkalen,2009-12-07
158,133,Polish,Incal ,2006-07-01
160,229,French,Amer Beton Intégrale ,2007-04-01
161,229,Spanish,Tekkon Kinkreet ,2013-01-01
162,69,Spanish,Guantelete infinito ,2012-01-01
163,69,Serbian,Rukavica beskraja ,2016-10-01
164,69,French,Le Gant de l'Infini ,2015-02-10
165,69,Italian,Il guanto dell'Infinito ,2010-09-28
166,69,Russian,Перчатка бесконечности ,2016-07-29
191,155,Spanish,V de Vendetta ,2005-11-01
192,155,Italian,V per Vendetta ,2006-03-08
193,155,Portuguese,V de Vingança ,2012-06-01
194,155,Indonesian,V for Vendetta ,2007-01-01
195,155,Czech,V jako Vendeta (Hardcover),2005-01-01
196,155,Finnish,V niin kuin verikosto ,2005-01-01
197,155,German,V wie Vendetta,2007-01-01
198,155,French,"V Pour Vendetta, L'intégrale ",1999-01-25
199,155,Greek,V for Vendetta ,2006-01-01
200,155,Russian,V – значит Vендетта ,2014-01-01
201,155,Serbian,V Kao Vendeta,2006-01-01
202,155,Dutch,V voor Vendetta ,2010-01-01
203,155,Georgian,V ანუ ვენდეტა ,2017-05-22
204,155,Polish,V jak Vendetta ,2014-09-08
205,155,Croatian,V kao Vendetta ,2014-11-11
206,155,Persian,وی مثل وندتا,
207,156,Portuguese,Watchmen - Edição Definitiva ,2009-01-01
208,156,Turkish,Watchmen ,2016-11-01
209,156,Polish,Strażnicy ,2013-09-01
210,156,Czech,Watchmen - Strážci ,2009-01-01
211,156,Finnish,Vartijat ,2009-01-01
212,156,Croatian,Čuvari ,2013-11-12
213,156,Serbian,Nadzirači ,2006-01-01
214,15,French,Batman: Amère Victoire ,2012-03-01
215,15,Portuguese,Batman: Vitória Sombria ,2012-01-01
216,15,Russian,Бэтмен. Темная победа ,2017-02-01
217,15,Finnish,Batman: Synkkä voitto ,2014-01-01
218,15,Croatian,Batman: Mračna pobjeda ,2016-11-15
219,15,German,Batman: Dark Victory,2011-01-01
220,15,Danish,Batman: Sort sejr ,2014-01-01
221,16,Spanish,Batman: El regreso del caballero oscuro ,2006-01-01
222,16,Italian,Batman: Il ritorno del Cavaliere Oscuro ,2007-11-01
223,16,Czech,Batman: Návrat temného rytíře ,2012-01-01
224,16,Finnish,Batman: Yön ritari ,2011-11-21
225,16,Russian,Бэтмен: Возвращение Темного Рыцаря ,2016-03-01
226,16,Polish,Batman: Powrót Mrocznego Rycerza,2014-01-01
227,16,French,Batman The Dark Knight Returns ,2012-03-01
228,16,German,Batman. Der dunkle Ritter kehrt zurück ,2002-01-01
229,16,Dutch,Batman: De Terugkeer Van De Dark Knight ,2011-01-01
230,16,Greek,Batman: Ο σκοτεινός ιππότης επιστρέφει ,2016-04-13
231,18,Spanish,Batman: El largo Halloween ,
232,18,Portuguese,Batman: O Longo Dia das Bruxas - Edição Definitiva ,2008-01-01
233,18,Russian,Бэтмен: Долгий Хэллоуин ,2015-01-01
234,18,Italian,Batman: Il Lungo Halloween ,2014-07-01
235,18,Finnish,Batman – Pitkä pyhäinpäivä ,2013-11-01
236,18,Croatian,Batman: Duga Noć vještica ,2015-11-10
237,18,Polish,Batman: długie Halloween ,2013-01-01
238,18,German,Batman: Das lange Halloween ,2010-11-23
239,19,Portuguese,Batman: Ano Um ,2011-09-01
240,19,Spanish,Batman Año Uno: Edición Absolute ,2008-01-01
241,19,Italian,Batman: Anno uno,2008-04-24
242,19,Turkish,Batman: İlk Yıl ,2016-06-01
243,19,French,Batman Année Un ,2012-07-06
244,19,Russian,Бэтмен: Год первый,2015-07-01
245,19,German,Batman: Das erste Jahr,2006-01-01
246,19,Finnish,Batman: Ensimmäinen vuosi ,2007-01-01
247,19,Czech,Batman: Rok jedna ,2007-01-01
248,19,Polish,Batman - Rok pierwszy ,2015-01-01
249,19,Ukrainian,Бетмен: Рік перший,2017-01-01
250,19,Greek,Batman: Η αρχή ,2010-01-01
251,19,Serbian,Betmen: godina prva ,2012-01-01
252,19,Japanese,バットマン:イヤーワン (Year One),
253,19,Croatian,Batman: Godina prva ,2017-07-18
254,19,Korean,배트맨 이어 원 (Hardcover),2008-12-26
255,127,Portuguese,Maus: A História de um Sobrevivente ,2005-06-24
256,127,Italian,Maus ,2000-11-28
257,127,Czech,Maus: Souborné vydání ,2012-01-01
258,127,Dutch,Maus: de volledige editie ,2012-01-01
259,127,Turkish,Maus: Hayatta Kalanın Öyküsü ,2012-01-01
260,127,Finnish,Maus : Selviytyjän tarina ,2003-01-01
261,127,Croatian,Maus : preživjeli priča ,2009-01-01
262,127,Swedish,Maus - En överlevandes historia ,1996-01-01
263,127,Lithuanian,Maus ,2012-01-01
264,127,Danish,Maus,2005-01-01
265,127,Norwegian,Maus Samla utgåve ,2009-01-01
266,127,Hungarian,A teljes Maus ,2005-01-01
267,127,Galician,Maus: Relato dun supervivente ,2008-05-01
268,128,Portuguese,Persépolis ,2007-12-10
269,128,Spanish,Persépolis ,2007-12-30
270,128,Italian,Persepolis ,2007-01-10
271,128,Georgian,პერსეპოლისი (ბავშვობა - დაბრუნება),2015-01-01
272,128,Turkish,Persepolis (Paperback),2017-11-01
273,128,Swedish,Persepolis,2015-02-23
274,128,Russian,Персеполис ,2013-01-01
275,128,Romanian,Persepolis,2010-05-01
276,128,Croatian,Perzepolis ,2012-11-10
277,128,Polish,Persepolis,2015-02-01
278,128,Estonian,Persepolis ,2008-01-01
279,128,Lithuanian,Persepolis ,2011-01-01
280,128,Catalan,Persèpolis ,2008-01-25
281,128,Norwegian,Persepolis,2005-05-01
282,128,Chinese,我在伊朗长大 [Wǒ zài yīlǎng zhǎng dà],2010-01-01
283,128,Albanian,Persepolis ,2015-04-01
284,5,Portuguese,Justiça - Edição Definitiva ,2013-01-01
285,5,Spanish,Justicia ,2014-06-01
286,5,Italian,Justice ,2013-11-01
287,5,Polish,Sprawiedliwość,2015-05-01
288,1,Spanish,Contrato con Dios y otras historias de Nueva York ,2002-05-01
289,1,Portuguese,Um Contrato com Deus ,2015-02-26
290,1,Indonesian,A Contract With God - Kontrak Dengan Tuhan ,2010-01-01
291,1,Italian,Contratto con Dio ,2010-01-01
292,1,Greek,Συμβόλαιο με τον Θεό και άλλες ιστορίες ,2009-04-01
293,1,Galician,Contrato con Deus ,
294,1,Finnish,Talo Bronxissa ,1982-01-01
295,1,Croatian,Ugovor s Bogom ,2008-01-01
296,1,Swedish,Ett hus i Bronx ,1979-01-01
297,1,Serbian,Ugovor s bogom ,2010-01-01
298,1,Danish,En Kontrakt med Gud og tre andre historier fra Bronx ,1979-01-01
299,2,Italian,Una vita tra i margini ,2012-11-01
300,2,Polish,Życie. Powieść graficzna ,2014-07-01
301,2,German,Gegen den Strom - Eine Autobiografie in Bildern ,2012-06-01
302,2,Spanish,Una vida errante,2009-01-01
306,223,Turkish,Kırlangıç Oyunu: Ölmek Gitmek Dönmek ,2014-06-01
307,223,Portuguese,"A Dança das Andorinhas - Morrer, Partir, Regressar ",2016-07-07
308,223,Finnish,Pääskysen leikki ,2011-03-01
309,223,Swedish,"Svalornas lek: Dö, resa, återvända",2010-04-29
310,223,German,Das Spiel der Schwalben ,2013-03-01
311,223,Italian,"Il gioco delle rondini: Partire, morire, tornare ",2009-04-01
312,223,Dutch,Zwaluwenspel ,2008-01-01
313,223,Polish,"Gry jaskółek: Umrzeć, wyjechać, powrócić ",2014-12-01
314,223,Greek,"Το παιχνίδι των χελιδονιών : Πεθαίνοντας, φεύγοντας, επιστρέφοντας ",2009-01-01
315,255,Spanish,"Juego de tronos, cómic (Canción de hielo y fuego, #1)",2012-04-03
316,255,Portuguese,A Guerra dos Tronos Vol. 1 ,2012-11-08
317,255,Czech,"Hra o trůny: Grafický román, Svazek 1 ",2012-07-10
318,255,French,"A Game of Thrones - Le Trône de fer, volume I ",
319,255,Turkish,"A Game of Thrones: Taht Oyunları, Cilt 1 ",2013-01-01
320,255,German,Game of Thrones - Das Lied von Eis und Feuer ,2012-07-16
321,255,Swedish,A Game of Thrones. Kampen om Järntronen. Vol 1,2012-06-20
322,255,Polish,Gra o Tron. Powieść graficzna. Tom 1 ,2012-01-01
323,255,Russian,Игра Престолов. Книга 1 (Графические романы Джорджа Мартина. Игра Престолов #1),2014-01-01
324,255,Italian,A Game of Thrones: vol.1 ,2012-06-30
325,6,Spanish,"Avengers: La Era de Ultron (AU: La era de Ultrón, #1-4)",2015-09-01
326,219,Indonesian,A History of Violence ,2008-06-01
327,219,Spanish,Una historia de violencia ,2011-07-01
328,219,French,A History of Violence,2005-10-26
329,219,Italian,Una storia violenta ,
330,219,Finnish,Väkivaltainen tausta ,2011-06-15
331,7,Finnish,Akira 1 ,1995-01-01
332,7,Spanish,"Akira, No. 1 ",2005-11-01
333,7,German,"Akira, Band 1 ",2000-03-01
334,7,Portuguese,"Akira, Volume 01 ",2017-07-01
335,7,French,"Akira, tome 1 ",1999-04-14
336,7,Italian,Akira Collection Vol. 1 ,2012-07-01
337,7,Dutch,"Akira, vol. 1 ",2002-11-01
338,7,Chinese,阿基拉 1 ,1993-11-30
339,164,Indonesian,A Life Force - Daya Hidup ,2010-01-01
340,164,Italian,La forza della vita ,2003-01-01
341,164,Finnish,Elinvoima ,1987-01-01
342,164,Portuguese,A Força da Vida ,2008-01-01
343,8,Portuguese,O Chinês Americano ,2009-05-21
344,8,French,American Born Chinese : Histoire d'un chinois d'Amérique ,2007-08-24
345,8,Spanish,Chino americano ,2007-03-23
346,8,Czech,Američan čínského původu ,2008-01-01
347,8,Croatian,Američki kinez,2015-02-15
348,8,Chinese,美生中国人 ,2008-10-01
349,8,Italian,American Born Chinese,2008-01-01
350,8,Korean,American Born Chinese: Jin & Danny ,2008-07-01
351,8,Norwegian,Amerikansk Kineser ,2008-01-01
352,10,Italian,American Widow ,2011-09-01
353,10,French,Septembre En T'attendant,2009-01-01
354,234,Romanian,Fantoma Aniei ,2017-01-01
355,234,Italian,Anya e il suo fantasma ,2013-04-01
356,234,Spanish,El fantasma de Anya ,2013-04-01
357,234,Portuguese,O fantasma de Anya ,2013-01-01
358,234,French,Le fantôme d'Anya ,2012-04-01
359,234,Czech,Anin duch ,2012-01-01
360,234,Indonesian,Anya's Ghost ,2013-01-01
361,234,German,Anyas Geist ,2014-02-17
362,234,Hebrew,הרוח של אניה ,
363,169,Portuguese,Você é Minha Mãe?: Um Drama em Quadrinhos ,2013-07-26
364,169,Spanish,¿Eres mi madre? ,2012-09-01
365,169,Finnish,Äideistä parhain: koominen draama ,2012-01-01
366,169,French,C'est toi ma maman? ,2013-10-10
367,169,Italian,Sei tu mia madre? ,2012-10-31
368,169,Turkish,Annem Sen misin? Komik Bir Dram ,2014-03-01
369,169,German,Wer ist hier die Mutter? ,2014-04-10
370,169,Greek,Μήπως είσαι μάνα μου; ,2012-01-01
371,169,Polish,Jesteś moją matką? ,2014-04-01
372,3,Spanish,Un pequeño asesinato ,2002-12-08
373,3,Italian,Un piccolo omicidio ,2010-01-01
374,3,French,Petits meurtres,1992-09-01
375,3,Portuguese,Um Pequeno Assassinato ,2017-01-01
376,3,German,Die leisen Tode des Timothy Hole,
377,11,Portuguese,Asterios Polyp ,2011-10-14
378,11,Croatian,Asterios Polyp ,2012-10-19
379,11,Danish,Asterios Polyp ,2012-01-01
380,11,Dutch,Asterios Polyp ,2011-07-01
381,11,Norwegian,Asterios Polyp ,2011-01-01
382,225,Croatian,Aya iz Yopougona ,2015-02-15
383,225,German,Aya ,2014-01-01
384,13,Portuguese,"Gen Pés Descalços, Volume 01: O Nascimento de Gen, O Trigo Verde ",2011-05-10
385,13,Finnish,"Hiroshiman poika, #1",2006-01-01
386,13,French,"Gen d'Hiroshima, Tome 1",2004-07-01
387,13,Indonesian,Barefoot Gen Jilid 1: Kisah Hiroshima dalam Kartun ,2016-06-18
388,13,Turkish,Yalınayak Gen 1 - Hiroşima'nın Hikayesi ,2007-01-01
389,13,Dutch,Gen Barrevoets in Hiroshima: De bom ,2005-01-01
390,13,Croatian,Bosonogi gen 1: Strip o Hirošimi ,2014-06-24
391,13,Spanish,Pies descalzos 1 - Una historia de Hiroshima,2015-07-17
392,13,Italian,"Gen di Hiroshima, Vol. 1 ",1999-01-01
393,13,Russian,Босоногий Гэн. Том 1 ,1995-01-01
394,13,German,Barfuss durch Hiroshima: eine Bildergeschichte gegen den Krieg,1985-01-01
395,20,Italian,I segreti di Burden Hill: Riti animali ,2011-10-01
396,20,Portuguese,Beasts of Burden: Rituais Animais ,2017-09-01
397,20,French,"Mal de Chien (Bêtes de Somme, #1)",2012-06-06
398,20,Spanish,Los animales de Burden Hill: Ritos peludos ,2011-01-01
399,246,Spanish,Una entre muchas,2016-02-01
400,246,Portuguese,Desconstruindo Una ,2016-01-01
401,246,Dutch,Ontaard verklaard ,2016-01-01
402,21,Spanish,Beowulf: La Novela gráfica,2014-07-05
403,22,Italian,"Berlin, 2: La città di fumo ",2008-01-01
404,22,Spanish,Berlín. Ciudad de humo ,2010-01-01
405,22,Turkish,Berlin: Duman Şehir ,2012-05-01
406,22,Chinese,Berlín: město kouře ,2012-01-01
407,22,Polish,Berlin: miasto dymu ,2011-01-01
408,22,Finnish,Berliini. Toinen kirja: Savuinen kaupunki ,2008-01-01
409,22,German,Berlin: Bleierne Stadt ,2008-09-26
410,22,Danish,Berlin: en by af bly,2010-10-27
411,22,Dutch,Berlijn / 2 Rook,2009-08-01
412,22,Swedish,Berlin - stad av rök ,2008-01-01
413,23,Italian,"Berlin, 1: La città delle pietre ",2003-01-01
414,23,Spanish,Berlín. Ciudad de piedras,2010-04-01
415,23,German,"Berlin Bd. 1: Berlin, Steinerne Stadt ",2003-01-01
416,23,Turkish,Berlin: Taş Şehir ,2010-11-01
417,23,Finnish,Berliini. Ensimmäinen kirja: Kivikaupunki ,2006-01-01
418,23,Polish,Berlin: Miasto Kamieni ,2008-02-01
419,23,Czech,Berlín: město kamene ,2012-01-01
420,23,Danish,"Berlin, en by af sten",2005-09-09
421,23,Swedish,Berlin: Stad av sten ,
422,23,French,La cité des pierres ,2002-01-01
423,23,Hungarian,Berlin: A kövek városa ,2010-01-01
424,197,Spanish,Beverly ,2016-09-01
425,197,Italian,Beverly ,2016-01-01
426,207,German,Große Fragen,2012-09-28
427,207,Spanish,Grandes preguntas ,2013-01-01
428,24,Spanish,Agujero negro ,2006-06-01
429,24,Italian,Black Hole ,2007-01-01
430,24,French,Black Hole ,2006-11-08
431,24,Finnish,Musta aukko,2007-01-01
432,24,Dutch,Zwart Gat ,2009-01-01
433,24,Czech,Černá díra ,2008-06-11
434,24,Croatian,Crna rupa ,2009-01-01
435,24,Greek,Μαύρη τρύπα ,2009-11-16
436,24,Portuguese,Black Hole ,2017-10-01
437,24,Danish,Sort hul ,2010-01-01
438,24,Polish,Black Hole ,2007-10-01
439,24,Swedish,Black hole ,2007-09-14
440,158,Portuguese,Retalhos ,2009-05-21
441,158,Italian,Blankets ,2010-10-01
442,158,Dutch,Een deken van sneeuw ,2004-01-01
443,158,French,Blankets. Manteau de neige ,2004-04-14
444,158,Spanish,Blankets ,2008-01-01
445,158,Czech,Pod dekou ,2005-01-01
446,158,Serbian,Ispod pokrivača ,2014-01-01
447,158,Croatian,Dekice ,2016-05-01
448,158,Norwegian,Tepper ,2006-01-01
449,158,Greek,Blankets ,2007-12-01
450,158,Portuguese,Blankets ,2011-01-01
451,158,Russian,Одеяла ,2017-04-01
452,158,Slovenian,Odeje ,2006-01-01
453,199,Spanish,El azul es un color cálido ,2011-06-01
454,199,Italian,Il blu è un colore caldo ,2013-10-16
455,199,Portuguese,Azul é a Cor Mais Quente ,2013-01-01
456,199,German,Blau ist eine warme Farbe ,2013-12-01
457,199,Dutch,Blauw is een warme kleur ,2011-01-01
458,199,Persian,آبی گرم‌ترین رنگ است ,2014-08-21
459,199,Norwegian,Blå er den varmeste fargen ,2013-01-01
460,199,Swedish,Blå är den varmaste färgen ,2015-08-21
461,199,Greek,Το μπλε είναι το πιο ζεστό χρώμα ,2013-01-01
462,199,Russian,Синий - самый теплый цвет ,2013-01-01
463,227,Portuguese,Pílulas Azuis ,2015-06-19
464,227,Spanish,Píldoras azules ,2007-10-25
465,227,Polish,Niebieskie Pigułki ,2003-01-01
466,227,Czech,Modré pilulky ,2008-01-01
467,227,Serbian,Plave pilule ,2014-01-01
468,227,Italian,Pillole blu ,2015-01-01
469,227,Russian,Голубые таблетки ,2014-09-01
470,227,Croatian,Plave pilule ,2009-01-01
471,227,German,Blaue Pillen ,2006-01-01
472,218,Italian,Brooklyn Dreams ,
473,218,French,Brooklyn Dreams,2009-01-01
474,218,Spanish,Brooklyn Dreams,2010-01-01
475,25,Dutch,"Boeddha, Deel 1: Kapilavastoe ",2006-08-01
476,25,Indonesian,Buddha 1: Kapilawastu ,2007-01-01
477,25,Norwegian,"Buddha, Bind 1: Kapilavastu ",2007-01-01
478,26,Spanish,Fabricar historias,2014-01-01
479,26,French,Building Stories ,2014-10-29
480,176,Italian,BUMF vol.1 ,2016-06-01
481,27,Italian,Cages ,2011-01-01
482,27,Spanish,Cages ,2007-03-23
483,28,Turkish,Kahire ,2011-11-01
484,29,Spanish,¿Podemos hablar de algo más agradable? ,2015-10-15
485,29,German,Können wir nicht über was anderes reden? Meine Eltern und ich ,2015-08-28
486,29,Dutch,Kunnen we het niet over iets leukers hebben? ,2015-09-22
487,29,Italian,"Cambiamo argomento, per favore? Una storia vera ",2016-06-01
488,30,Italian,Cancer Vixen. Una storia vera d'amore e di vittoria ,2007-01-01
489,30,Spanish,Cancer Vixen: Mi Lucha Contra el Cancer ,2008-01-01
490,30,Dutch,Chemogirl ,2007-01-01
491,31,French,Un Américain en balade ,2005-01-01
492,31,Spanish,Cuaderno de viaje ,2006-10-01
493,31,German,Tagebuch Einer Reise ,2005-01-01
494,31,Italian,Carnet di viaggio,2005-01-01
495,31,Polish,Dziennik podróżny ,2010-01-01
496,32,French,"Château l'attente, Vol. 2",2011-11-01
497,34,Spanish,Ciudad de cristal,2006-01-28
498,34,Italian,Città di vetro ,2011-01-01
499,34,Serbian,Grad od stakla ,2014-01-01
500,34,Portuguese,Cidade de vidro,
501,34,French,Cité de verre ,2005-06-08
502,34,Turkish,Cam Kent ,1998-04-01
503,34,Norwegian,Glassbyen: Tegneserieroman ,2011-01-01
504,34,Danish,By af Glas ,2006-01-01
505,34,Dutch,Broze stad,2005-01-01
506,126,Italian,Essex County: I Fantasmi della Memoria ,2013-03-01
507,126,French,Essex County ,2010-04-09
508,126,Polish,Opowieści z hrabstwa Essex ,2009-09-01
509,126,Portuguese,Condado de Essex,2017-08-01
510,126,Dutch,Essex County ,2010-10-01
511,217,Spanish,La muñequita de papá ,2004-11-25
512,217,French,Daddy's Girl,
513,214,Spanish,David Boring ,2005-05-25
514,214,Italian,David Boring ,2011-02-01
515,214,French,David Boring,2001-01-01
516,214,Polish,David Boring,2015-10-01
517,43,Turkish,Güngezgini ,2013-01-01
518,43,Portuguese,Daytripper ,2011-09-01
519,43,French,Daytripper ,2012-04-27
520,43,Finnish,Daytripper ,2012-12-05
521,43,Spanish,Daytripper ,2015-09-15
522,43,Italian,Daytripper ,2011-01-01
523,43,German,Daytripper ,2013-10-07
524,43,Danish,Daytripper ,2012-01-01
525,46,Dutch,Deogratias ,2000-01-01
526,46,Portuguese,Déogratias ,2004-07-01
527,46,Italian,Deogratias. Racconto a fumetti dal Ruanda ,2005-01-01
528,46,Spanish,Deogratias ,2008-05-01
529,178,Finnish,Ed – Iloinen klovni ,2012-09-01
530,178,Spanish,Ed el payaso feliz,
531,50,Italian,Elektra vive ancora ,2007-08-01
532,50,French,Elektra: Le Retour ,1991-01-01
533,50,Finnish,Elektra elää ,1994-01-01
534,50,German,Elektra Lebt ,1993-01-01
535,50,Portuguese,Elektra: o regresso ,2007-10-01
536,50,Danish,Elektra Lever! ,2007-01-01
537,51,Spanish,Epiléptico ,2009-04-01
538,51,Italian,Il Grande Male ,2010-02-01
539,51,Turkish,Epileptik ,2017-01-01
541,51,Finnish,Epileptikko ,2013-08-01
542,51,Russian,Священная болезнь ,2011-01-01
543,51,Croatian,Epileptičar,2015-11-01
544,51,Swedish,Epileptisk ,2015-01-01
545,51,Norwegian,Epileptisk ,2007-01-01
546,52,Croatian,Izlazne rane ,2012-01-15
547,52,Polish,Rany wylotowe ,2010-04-01
548,52,Dutch,Vermist,
549,52,Danish,Åbne sår ,2008-01-01
550,52,Czech,Hluboké rány,2008-01-01
551,52,Spanish,Metralla,2015-01-01
552,53,Spanish,Fábulas: 1001 Noches de nieve ,
553,53,Italian,Fables. Le 1001 notti di Neve ,2007-01-01
554,53,Portuguese,Fábulas 1001 Noites ,2007-01-01
555,53,French,Fables: 1001 Nuits de Neige ,2013-01-01
556,53,German,Fables: 1001 schneeweiße Nächte ,2008-01-16
557,53,Polish,Baśnie: Z 1001 Nocy Królewny Śnieżki,2008-10-01
558,54,Portuguese,Fax de Sarajevo ,2016-08-04
559,54,Czech,Fax ze Sarajeva ,2016-01-01
560,54,Italian,Fax da Sarajevo ,2013-05-11
561,54,Finnish,Faksi Sarajevosta ,2014-01-01
562,54,Polish,Faks z Sarajewa ,2017-05-11
563,54,Spanish,Fax from Sarajevo,1998-11-01
564,54,Danish,Fax fra Sarajevo ,2014-01-01
565,175,Spanish,Notas al pie en Gaza ,2010-01-01
566,175,Portuguese,Notas sobre Gaza ,2010-01-01
567,175,Italian,Gaza 1956. Note ai margini della storia ,2010-09-07
568,175,French,Gaza 1956. En marge de l'histoire ,2010-01-01
569,175,Indonesian,Catatan Kaki dari Gaza ,2014-09-01
570,175,Turkish,Gazze'nin Dipnotları ,2012-06-01
571,175,Dutch,Gaza 1956: In de marge van de geschiedenis ,2011-07-01
572,175,Arabic,غزة تاريخ من النضال,2011-01-01
573,175,Czech,Gaza: poznámky pod čarou dějin ,2010-01-01
574,175,German,Gaza ,2011-01-01
575,175,Polish,Strefa Gazy. Przypisy ,2017-02-01
576,175,Swedish,Gaza: fotnoter till ett krig ,2011-03-01
577,57,Portuguese,Do Inferno ,2014-11-11
578,57,Italian,From Hell: Dall'Inferno. Un melodramma in sedici parti ,2005-12-01
579,57,Czech,Z pekla ,2003-01-01
580,57,Croatian,Pakao = From hell : melodrama u šesnaest činova ,2008-01-01
581,57,Serbian,Iz pakla ,2013-01-01
582,57,Polish,Prosto z piekła ,2014-01-01
583,57,Norwegian,From Hell ,2008-01-01
584,58,Spanish,Fun Home. Una familia tragicómica ,2008-03-01
585,58,Finnish,Hautuukoti : tragikoominen perheeni ,2009-02-01
586,58,Turkish,Cenaze Evi/Şenlik Evi ,2010-01-01
587,58,Swedish,Husfrid: En tragikomisk familjeberättelse ,2009-09-01
588,58,Greek,Το θανατάδικο ,2009-01-01
589,58,Romanian,Casa veselă. O tragicomedie de familie ,2016-05-01
590,58,Dutch,Fun Home: Familiedrama ,2010-12-01
591,58,Czech,Rodinný ústav: Rodinný tragikomiks ,2007-01-01
592,58,Catalan,Fun Home,2008-01-01
593,58,Croatian,Fun home - obiteljska tragikomedija ,2015-10-23
594,58,Danish,Bedemandens datter: en tragikomisk familiehistorie,2007-01-01
595,60,Spanish,Gemma Bovery,2004-07-28
596,60,Czech,Gemma Boveryová ,2009-01-01
597,60,Italian,Gemma Bovery,2001-10-01
598,216,Spanish,"George Sprott, 1894-1975 ",2010-10-01
599,216,Dutch,George Sprott 1894-1975,2010-09-01
600,173,Italian,Habibi ,2011-10-26
601,173,Portuguese,Habibi ,2012-01-01
602,173,French,Habibi ,2011-10-26
603,173,Spanish,Habibi ,2011-09-30
604,173,Finnish,Habibi ,2012-02-01
605,173,Dutch,Habibi ,2011-09-01
606,173,Czech,Habibi ,2012-01-01
607,173,Serbian,Habibi ,2013-01-01
608,173,Croatian,Habibi ,2012-11-13
609,173,Catalan,Habibi ,2011-01-01
610,173,Polish,Habibi ,2012-01-01
614,174,Spanish,Cleveland ,2013-09-01
621,63,Spanish,Hellboy (Hellboy: Semilla de Destrucción + Despierta al Demonio),2008-07-10
622,63,Finnish,Hellboy ,2004-01-01
623,63,Portuguese,"Hellboy, Edição Histórica, Volume 1 ",2015-09-01
624,63,Italian,Biblioteca di Hellboy n. 1: Il seme della distruzione - il risveglio del demone,2008-07-01
625,198,Spanish,Aquí ,2015-10-01
626,198,Italian,Qui ,2015-04-01
627,198,French,Ici,2015-03-02
628,198,Romanian,Aici ,2016-05-30
629,198,German,Hier ,2014-10-09
630,198,Portuguese,Aqui ,2017-03-01
631,198,Russian,Здесь ,2015-10-01
632,198,Dutch,Hier ,2015-06-01
633,198,Polish,Here ,2016-01-01
643,65,Italian,Hicksville ,2012-01-11
644,65,Spanish,Hicksville ,2010-04-01
645,65,Croatian,Hicksville ,2014-07-01
646,66,Italian,Capire Israele in 60 giorni ,2011-06-01
647,66,Spanish,Una judía americana perdida en Israel,
648,66,Dutch,Israel in 60 dagen ,2011-05-01
649,66,French,"Comment Comprendre Israël En 60 Jours, Ou Moins",2011-01-01
650,213,Italian,Ice haven ,2007-01-01
651,213,Spanish,Ice Haven,2006-11-17
652,194,Italian,I Kill Giants,2010-10-01
653,194,Spanish,Soy una MataGigantes,2009-05-29
654,194,Portuguese,Eu Mato Gigantes,2014-09-01
655,194,Russian,Я убиваю великанов ,2015-11-01
657,67,Spanish,Nunca me has gustado ,2007-05-01
658,67,Finnish,En koskaan pitänyt sinusta ,2012-04-01
659,67,German,Fuck,2008-01-01
660,67,Greek,ΠΟΤΕ ΔΕΝ ΣΕ ΣΥΜΠΑΘΗΣΑ ,2010-09-01
661,67,French,Je ne t'ai jamais aimé ,2010-05-05
662,67,Italian,Non mi sei mai piaciuto: un libro a fumetti,1999-01-01
664,70,Portuguese,É um passaro...,2012-07-01
665,70,French,C'est Un Oiseau,2010-09-15
666,71,Turkish,Güçsüz Düşmezsen Hayat Güzeldir ,2017-02-01
667,71,Spanish,La vida es buena si no te rindes ,2009-01-01
668,71,Italian,"La vita non è male, malgrado tutto ",2001-01-01
669,71,Danish,"Livet er godt, hvis man kan holde det ud",2010-04-09
670,71,Dutch,Het leven is een geschenk maar je krijgt het niet cadeau ,2004-01-01
671,71,Polish,"Życie nie jest takie złe, jeśli starcza ci sił ",2014-05-01
672,71,German,Eigentlich Ist Das Leben Schön,2004-01-01
673,71,Serbian,Život je dobar ako ne odustaješ ,2016-01-01
674,71,French,La vie est belle malgré tout: un roman graphique ,2009-02-18
676,162,Serbian,Duplo dno ,2012-01-01
677,162,Italian,Giara di stolti ,2000-01-01
678,162,Spanish,Juego de manos ,2011-01-01
679,162,German,Narren ,2007-10-01
680,162,Polish,Karuzela Głupców ,2007-05-01
681,73,Italian,Jimmy Corrigan. Il ragazzo più in gamba sulla terra ,2009-01-01
682,73,Spanish,Jimmy Corrigan: el chico más listo del mundo ,2003-11-01
683,73,Portuguese,Jimmy Corrigan: O Menino Mais Esperto do Mundo ,2009-01-01
684,73,Czech,"Jimmy Corrigan, Nejchytřejší kluk na světě ",2004-01-01
685,73,Dutch,Jimmy Corrigan: De slimste jongen ter wereld ,2008-06-04
686,73,German,Jimmy Corrigan - Der klügste Junge der Welt ,2013-03-01
687,73,Norwegian,Jimmy Corrigan - den smarteste gutten i verden ,2010-01-01
688,73,Finnish,Jimmy Corrigan: The Smartest Kid on Earth ,2009-12-01
689,195,Spanish,Intrusos ,2016-01-01
690,195,Italian,Morire in piedi ,2016-03-31
691,195,French,Les intrus ,2015-10-22
692,195,German,Eindringlinge,2016-01-01
693,257,Portuguese,Mate Minha Mãe: Uma Graphic Novel ,2015-08-14
694,257,Dutch,Vermoord mijn moeder: Een Graphic Novel ,2015-03-01
695,257,Italian,Kill my mother ,2016-04-01
696,257,Spanish,Matar a mi madre ,2015-01-01
697,165,French,Les rois vagabonds ,2003-11-01
698,165,Italian,Re in incognito ,2006-07-01
699,222,Spanish,La Perdida ,2006-03-07
700,222,Italian,La Perdida ,2007-04-01
701,222,Czech,La Perdida ,2009-01-01
702,180,Italian,Racconti di guerra ,2000-01-01
703,180,Spanish,El último día en Vietnam ,2000-12-01
704,180,French,Mon dernier jour au Vietnam : Mémoires ,2001-01-24
705,212,Spanish,Como un guante de seda forjado en hierro ,2006-05-01
706,212,Italian,Come un guanto di velluto forgiato nel ferro ,2009-07-03
707,212,Portuguese,Como Uma Luva De Veludo Moldada Em Ferro ,2002-01-01
708,212,French,Comme Un Gant De Velours Pris Dans La Fonte,1999-01-01
709,212,Polish,Niczym aksamitna rękawica odlana z żelaza ,2008-09-01
710,212,Greek,Σαν Σιδερένιο Ομοίωμα Γαντιού από Βελούδο ,2009-01-01
711,212,Swedish,Som en sammetshandske smidd i järn ,2008-01-01
712,212,German,Wie ein samtener Handschuh in eisernen Fesseln,1993-01-01
713,77,Greek,Logicomix ,2008-01-01
714,77,Spanish,Logicomix: una búsqueda épica de la verdad ,2011-01-01
715,77,Italian,Logicomix,2010-06-01
716,77,Persian,کمدی منطق: سفری حماسی در پی حقیقت,2015-03-01
717,77,Finnish,Logicomix : nerouden ja hulluuden rajalla ,2010-01-01
718,77,Turkish,Logicomix ,2012-01-01
719,77,Portuguese,Logicomix: uma jornada épica em busca da verdade ,2010-01-01
720,77,Polish,Logikomiks: W poszukiwaniu prawdy,2011-01-01
721,77,Russian,Логикомикс. Поиски истины ,2014-01-01
722,77,Croatian,Stripologikon : (epska potraga za istinom),2011-01-01
723,77,Czech,Logikomiks: hledání absolutní pravdy ,2012-01-01
724,77,Danish,Logicomix: En tegnet fortælling om jagten på sandhed,2012-01-01
725,77,Hebrew,לוגיקומיקס: החיפוש אחר האמת ,2016-01-29
726,77,Norwegian,Logicomix: En storstilt jakt på sannheten ,2011-01-01
727,77,Japanese,ロジ・コミックス　ラッセルとめぐる論理哲学入門 (単行本),2015-07-23
728,201,French,Longs cheveux roux ,2017-01-01
729,79,Spanish,Lost Girls: obra completa ,2008-05-01
730,79,German,Lost Girls ,2008-01-01
731,79,French,Filles perdues,2008-04-12
732,79,Czech,Ztracené dívky ,2008-01-01
733,79,Polish,Zagubione dziewczęta ,2012-01-01
734,182,French,Louis Riel: L'insurgé,2012-01-01
735,182,Italian,Louis Riel,2004-01-01
736,182,Polish,Louis Riel. Biografia komiskowa ,2014-04-01
743,81,French,Mariée Par Correspondance,2004-08-01
744,82,Portuguese,"Parafusos: Mania, depressão, Michelangelo e eu ",2014-01-01
745,82,German,"Meine Tassen im Schrank: Depressionen, Michelangelo und ich ",2014-10-01
746,82,Spanish,"Majareta: Manía, Depresión, Miguel Ángel, y yo ",2014-01-01
747,82,Italian,Marbles ,2014-06-01
748,82,French,"Une case en moins: La dépression, Michel-Ange et moi ",2013-10-02
749,83,Italian,March. Libro Uno ,2017-04-24
750,83,French,Wake up America - 1940-1960 ,2015-05-13
751,84,French,Wake up America 1960-1963 ,2015-05-13
752,206,Polish,Dzień targowy,2015-05-01
753,206,German,Markttag ,2011-06-01
754,206,Spanish,Día de mercado,2010-01-01
755,203,Spanish,María lloró sobre los pies de Jesús ,2016-06-01
756,203,Portuguese,Maria Chorou aos Pés de Jesus ,2017-07-01
757,203,French,Marie pleurait sur les pieds de Jésus ,2016-05-11
758,86,French,Le cancer de maman ,2007-02-01
762,87,Spanish,"Madre, vuelve a casa ",2005-09-01
763,87,Italian,Mamma torna a casa ,2007-04-01
764,87,Dutch,"Moeder, kom thuis ",2009-01-01
765,87,German,"Komm zurück, Mutter ",2007-01-01
766,249,Spanish,La Rueda del Tiempo: Nueva Primavera,2013-02-12
767,202,French,Déplacement ,2015-10-01
768,90,Croatian,Oda Kirihitu - Prvi dio ,2016-07-01
769,90,Spanish,"Oda a Kirihito, Vol. 1 ",2015-09-30
770,248,Dutch,Mensenlevens ,2009-01-01
771,248,Croatian,Oda Kirihitu - Drugi dio ,2016-07-01
772,248,Spanish,"Oda a Kirihito, Vol. 2 ",2015-10-29
773,248,German,Kirihito ,2010-01-22
774,245,Spanish,Omega: El desconocido ,2009-04-12
775,91,French,Mes cents démons! ,2014-01-01
776,100,Spanish,Operacion Muerte,2010-01-01
777,100,Italian,Verso una nobile morte ,2013-08-28
778,100,French,Opération Mort ,2008-01-01
780,95,Italian,Palestina ,2006-01-31
781,95,Arabic,فلسطين ,2013-09-01
782,95,Spanish,Palestina: En la Franja de Gaza,2004-10-01
783,95,French,Palestine ,2010-01-01
784,95,Finnish,Palestiina ,2004-01-01
785,95,Turkish,Filistin ,2009-12-01
786,95,Russian,Палестина ,2016-03-01
787,95,Portuguese,Palestina ,2011-01-01
788,95,German,Palästina. Eine Comic-Reportage ,2004-02-15
789,95,Greek,Palestine ,2006-01-01
790,95,Dutch,Onder Palestijnen - De intifada in beeld ,2005-01-01
791,95,Polish,Palestyna,2014-12-01
792,95,Norwegian,Palestina ,2006-01-01
793,95,Serbian,Palestina ,2007-01-01
794,95,Galician,Palestina ,2013-01-01
795,241,Spanish,"Patsy Walker, Alias Gata Infernal, Vol 1: Locos por una gata ",2017-02-01
796,241,Russian,"Пэтси Уокер, она же Адская Кошка! Том 1. Только от жизни кошачьей ",2017-04-01
797,97,French,Paul a un travail d'été ,2002-10-01
798,97,Spanish,Paul va a trabajar este verano ,2006-01-01
799,97,Croatian,Paulov ljetni posao ,2011-02-20
800,97,Italian,Paul ha un lavoro estivo ,2005-03-24
801,97,Dutch,Pauls vakantiebaantje,2004-01-01
802,97,German,Pauls Ferienjob,2008-06-01
803,98,French,Paul au parc ,2011-01-01
804,98,Spanish,Paul en los Scouts ,2014-02-21
805,210,Spanish,Pagando por ello ,2011-10-23
806,210,Portuguese,Pagando por Sexo,2012-01-01
807,210,French,Vingt-trois prostituées,2012-07-01
808,210,Italian,Io le pago ,2011-11-17
809,210,Czech,Sex není zadarmo ,2014-07-01
810,210,Polish,Na własny koszt: komiksowy pamiętnik bywalca burdeli ,2013-01-01
811,210,German,Ich bezahle für Sex - Aufzeichnungen eines Freiers ,2012-03-08
816,48,German,James Joyce. Portrait eines Dubliners ,2014-05-02
817,48,Greek,Τζέημς Τζόυς: Το πορτρέτο ενός Δουβλινέζου ,2015-01-01
818,48,French,James Joyce: l'homme de Dublin,2013-05-07
819,48,Polish,Dublińczyk,2012-01-01
820,48,Basque,Dublindarra ,2015-01-01
821,184,Spanish,Los Leones de Bagdad ,2007-06-06
822,184,Portuguese,Os Leões de Bagdá ,2008-05-01
823,184,Russian,Львы Багдада ,2016-05-01
824,184,French,Les seigneurs de Bagdad ,2012-03-01
825,184,Czech,Smečka z Bagdádu ,2010-01-01
826,184,Farsi,شیرهای بغداد ,2015-04-15
827,184,Turkish,Bağdat'ın Aslanları ,2009-04-01
828,184,Norwegian,Løvene i Bagdad ,2008-01-01
829,184,Greek,Τα Λιοντάρια της Βαγδάτης ,2008-02-01
830,253,Indonesian,Prince of Persia ,2010-07-01
831,253,Dutch,Prince of Persia: De Originele Graphic Novel ,2010-08-01
832,253,Spanish,Prince of Persia: La novela gráfica ,2009-01-01
833,253,Czech,Princ z Persie ,2010-01-01
834,253,Finnish,Prince of Persia ,2010-12-31
835,253,Danish,Prinsen af Persien ,2009-01-01
836,172,French,Fables psychiatriques ,2013-05-22
838,101,Spanish,Pyongyang ,2009-03-15
839,101,Finnish,Pjongjang ,2009-01-01
840,101,Italian,Pyongyang ,2013-03-20
841,101,German,Pjöngjang ,2007-05-25
842,101,Portuguese,Pyongyang: Uma Viagem à Coréia do Norte ,2007-01-01
843,101,Turkish,Pyongyang: Kuzey Kore'ye bir yolculuk,2016-05-05
844,101,Czech,Pchjongjang: Výlet do Severní Koreje ,2009-01-01
845,101,Croatian,Pyongyang: putovanje Sjevernom Korejom ,2013-01-01
846,101,Swedish,Pyongyang ,2013-10-01
847,101,Polish,Pjongjang ,2013-01-01
848,101,Russian,Пхеньян ,2016-07-01
849,101,Dutch,Pyongyang ,2009-05-01
850,101,Danish,Pyongyang: en rejse i Nordkorea ,2006-11-10
851,101,Norwegian,Pyongyang: En tegnet og meget begrenset reise i Nord-Korea,2008-01-01
852,186,Spanish,Parker #3: El golpe ,2012-10-01
853,186,Portuguese,Richard Stark’s Parker: O Golpe,2017-02-17
854,186,French,Le casse ,2013-01-11
855,186,Serbian,Parker Ričarda Starka: Pljačka ,2017-01-01
856,105,Spanish,Parker 4. Matadero,2014-01-01
857,105,Serbian,Parker Ričarda Starka: Ubijalište ,2017-01-01
858,106,Italian,Goražde: Area protetta ,2006-02-21
859,106,Indonesian,Zona Aman Gorazde: Perang di Bosnia Timur 1992-1995,2010-10-01
860,106,Portuguese,Área de Segurança Gorazde: a Guerra da Bósnia Oriental 1992-1995 ,2001-01-01
861,106,Turkish,Güvenli Bölge Goražde: Doğu Bosna'da Savaş (1992- 1995),2010-05-01
862,106,Spanish,Gorazde: Zona protegida ,2001-05-01
863,106,Czech,Bezpečná zóna Goražde: Válka ve východní Bosně 1992-1995 ,2007-01-01
864,106,Polish,Strefa bezpieczeństwa Goražde ,2013-02-01
865,106,Slovenian,"Varovano območje Goražde: Vojna v vzhodni Bosni, 1992-95 ",2006-01-01
866,106,Galician,"Goražde, zona segura ",2013-01-01
867,106,Bosnian,"Zaštićena zona Goražde: Rat u istočnoj Bosni, 1992-1995 ",2007-01-01
868,106,Swedish,Gorazde: rapport från en FN-skyddszon under kriget i Bosnien 1992-95 ,2011-04-05
869,106,Greek,"Ασφαλής περιοχή Γκοράζντε: Ο πόλεμος στην Ανατολική Βοσνία, 1992-1995 ",2016-12-01
877,108,French,Same Difference ,2004-08-01
887,111,Italian,Una lieve imperfezione ,2008-05-01
888,111,Dutch,Tekort,2007-11-01
889,111,Polish,Niedoskonałości ,2010-07-01
890,111,German,Halbe Wahrheiten,2008-01-01
891,226,Italian,Siberia,2007-04-18
892,226,Spanish,Los Hijos de Octubre ,2009-02-27
893,226,French,Les fils d'Octobre ,2005-01-01
894,112,Portuguese,Sinal e ruído,2011-01-01
895,112,Spanish,Señal y ruido,2008-08-15
896,112,Polish,"Sygnał do szumu (Mistrzowie komiksu, #23)",2009-01-01
897,112,Serbian,Od signala do šuma ,
898,112,French,Signal / bruit,2011-11-04
899,112,German,Der letzte Film ,1992-12-01
900,112,Dutch,Ruis,1992-12-01
901,113,Portuguese,Sin City: A Cidade do Pecado ,2004-01-01
902,113,Russian,Город Грехов. Трудное прощание ,2013-06-01
903,113,Italian,"Sin City, Vol. 1: Il duro addio ",2012-05-18
904,113,Czech,Sin City 1: Drsný sbohem ,2005-01-01
905,113,Spanish,"Sin City, Vol. 1: Un duro adiós ",2014-06-27
906,113,Greek,Αμαρτωλή Πόλη ,2005-01-01
907,113,Estonian,"Sin City, Vol. 1: Karm hüvastijätt ",2009-01-01
908,113,German,Stadt ohne Gnade,2011-05-01
909,113,Croatian,Sin City: Težak rastanak ,2012-09-01
910,113,Serbian,Grad greha: Poslednje zbogom ,2006-01-03
911,113,French,"Sin City, Vol. 1: The Hard Goodbye ",2013-01-01
912,113,Polish,Sin City: Trudne pożegnanie ,2006-01-01
913,113,Chinese,罪恶之城：艰难告别,2014-01-01
914,113,Turkish,"Günah Şehri, Vol. 1: Buruk Veda ",2005-04-20
915,113,Bulgarian,Sin City Част 1: Тежкото сбогуване ,2005-01-01
916,113,Lithuanian,Sin City. Sunkus atsisveikinimas ,2007-01-01
917,113,Hungarian,Sin City 1. - A nehéz búcsú ,2005-01-01
918,114,Spanish,Skim ,2009-01-01
919,114,French,Skim ,2008-08-15
920,114,Serbian,Skim ,2016-01-01
921,239,Spanish,Un adiós especial,2011-11-01
922,239,German,Besondere Jahre: Ein Abschied in Bildern ,2015-03-01
923,239,French,Vers la sortie ,2011-01-01
924,239,Italian,Special Exits ,2016-01-01
925,171,German,Stiche ,2012-03-01
926,171,Portuguese,Cicatrizes ,2012-10-01
927,171,Italian,Stitches,2010-06-30
928,171,Spanish,Stitches: Una infancia muda / A Memoir,2010-02-01
929,171,Dutch,Sprakeloos: Herinneringen ,2011-04-01
930,171,Serbian,Šavovi ,2012-01-01
931,220,Italian,Stray Toasters ,2010-06-01
932,115,Italian,Figlio di un preservativo bucato ,2001-01-01
933,115,Polish,Stuck Rubber Baby ,2011-01-01
934,115,German,Stuck Rubber Baby ,2011-10-05
935,117,Spanish,Superman: Hijo rojo ,2009-01-01
936,117,Italian,SUPERMAN: RED SON ,2009-01-01
937,117,Turkish,Superman: Red Son ,2017-03-01
938,117,French,Superman: Red Son ,2013-09-20
939,117,Portuguese,Super-Homem: Herança Vermelha,2014-01-10
940,117,Polish,Superman - Czerwony Syn,2015-01-01
941,117,Czech,Superman: Rudá hvězda ,2012-01-01
942,117,Finnish,"Toveri Teräsmies, punatähden poika!",
943,117,German,Superman: Genosse Superman ,2014-11-24
944,118,Spanish,Trágame entera ,2009-01-01
945,118,Dutch,Verzwelg Me! ,2011-11-01
946,118,Italian,Portami via ,2009-10-07
947,118,French,Swallow Me Whole,2009-01-01
948,4,Spanish,Cuento de arena ,2012-01-01
949,4,Italian,Jim Henson's Tale of Sand. Una storia di sabbia ,2013-06-05
950,4,Polish,Piaskowa Opowieść ,2014-10-07
951,238,German,"Das große Durcheinander: Alzheimer, meine Mutter und ich. ",2013-03-04
952,119,Italian,L'approdo ,2008-11-11
953,119,French,Là où vont nos pères ,2007-03-02
954,119,Spanish,Emigrantes ,2007-01-01
955,119,Dutch,De Aankomst ,2008-09-01
956,119,Danish,Ankomsten ,2011-04-28
957,119,Turkish,Uzak,2014-01-01
958,119,Czech,Nový svět ,2012-01-01
959,119,Romanian,Sosirea ,2016-11-01
960,119,Portuguese,Emigrantes ,2011-11-01
961,119,Swedish,Ankomsten,2010-04-28
962,119,Russian,Прибытие ,2013-01-01
963,119,Polish,Przybysz ,2009-03-01
964,119,Norwegian,Ankomsten ,2008-01-01
965,121,Portuguese,Gênesis por Robert Crumb ,2009-01-01
966,121,Spanish,El libro del Génesis ilustrado ,2011-04-21
967,121,Italian,l libro della Genesi illustrato da R. Crumb ,2011-01-01
968,121,French,La Genèse ,2009-10-22
969,121,Dutch,Het boek Genesis,2009-12-01
970,121,Finnish,Genesis ,2010-01-01
971,121,Norwegian,Mosebok Genesis illustrert av R. Crumb ,2010-01-01
972,121,Danish,Verdens Skabelse ,2009-01-01
973,121,Turkish,Genesis ,2010-01-01
974,122,Portuguese,Os Livros da Magia,2013-08-01
975,122,Serbian,Knjige magije,2015-09-01
976,122,Russian,Книги магии ,2015-01-01
977,122,Italian,The Books of Magic ,2012-03-01
978,122,German,Die Bücher der Magie ,2004-01-01
979,122,Polish,Księgi magii ,2006-09-18
980,124,Portuguese,O Boulevard dos Sonhos Partidos ,2017-07-01
981,124,Slovenian,Bulvar razbitih sanj ,2015-01-01
982,124,French,Une Tragédie Américaine,2003-01-01
983,124,Spanish,Bulevar de los sueños rotos ,2007-07-01
984,129,Spanish,El Show de Cowboy Wally ,2006-01-01
985,170,Portuguese,Diário de Uma Garota Normal: Um Relato em Palavras e Imagens ,2015-10-01
986,170,Spanish,Diario de una Adolescente ,2007-10-26
987,170,Italian,Diario di una Ragazzina ,2006-10-15
988,190,Spanish,La enciclopedia de la tierra temprana ,2014-12-01
989,190,German,Die Enzyklopädie der Frühen Erde ,2014-01-01
990,190,French,L'encyclopédie des débuts de la Terre ,2015-01-07
991,187,Portuguese,O Quinto Beatle A HISTORIA DE BRIAN EPSTEIN ,2014-01-01
992,187,Italian,Il quinto Beatle ,2013-10-17
993,187,Finnish,Viides beatle: Brian Epsteinin tarina,2015-01-01
994,187,Spanish,El Quinto Beatle: La historia de Brian Epstein ,2013-11-01
995,187,Serbian,Peti Bitls: Priča o Brajanu Epstinu ,2016-01-01
996,187,French,Le Cinquième Beatles ,2013-11-15
997,187,Danish,Den femte beatle: Historien om Brian Epstein ,2016-01-01
998,187,Dutch,De Vijfde Beatle: De Brian Epstein Story ,2015-05-13
999,187,German,Der fünfte Beatle: Die Brian Epstein Story,2014-04-15
1000,181,Spanish,El asombroso swing del golem ,2008-01-01
1001,181,Polish,Golem i Gwiazdy Dawida ,2005-10-01
1002,132,Spanish,El caballero errante,2011-05-01
1003,132,Portuguese,O Cavaleiro de Westeros ,2012-09-14
1004,132,Italian,The Hedge Knight. Il cavaliere errante ,2010-01-01
1005,132,German,"Der Heckenritter, #1",2007-08-15
1006,132,Czech,Potulný rytíř ,2015-01-01
1007,132,Croatian,Lutajući vitez ,2012-01-01
1008,132,Greek,Περιπλανώμενος ιππότης ,2006-12-13
1009,132,French,Le Chevalier Errant ,2010-01-01
1010,132,Turkish,Gezgin Şövalye ,2005-01-01
1011,132,Hungarian,Kóbor lovag,2006-01-01
1012,134,Dutch,De jood van New York ,2008-01-01
1013,134,Italian,L'Ebreo di New York ,2004-10-01
1014,134,German,Der Jude Von New York,2009-01-01
1015,134,French,Le Juif de New York,2001-11-01
1016,135,Portuguese,A Metamorfose,2004-01-01
1017,135,Spanish,La Metamorfosis,2011-01-01
1018,135,Italian,La metamorfosi ,2008-01-01
1019,189,Greek,Η ώρα των μαχαιριών ,2016-05-01
1020,136,Spanish,Las Reglas del Juego ,2003-01-01
1021,136,Portuguese,O nome do jogo ,2003-06-01
1022,136,Italian,Le regole del gioco ,2002-07-19
1023,191,Italian,Il Nao di Brown ,2013-07-01
1024,191,Spanish,El Nao de Brown ,2013-12-01
1025,191,Croatian,Nao Brown ,2015-10-01
1026,137,Italian,Gli Originali ,2005-01-01
1027,137,Spanish,The Originals ,2005-01-01
1028,137,Portuguese,The Originals - Sangue nas Ruas ,2005-01-01
1030,138,Indonesian,Sang Fotografer: Memasuki kancah perang Afghanistan bersama Doctors Without Borders ,2011-02-01
1031,138,Spanish,El fotógrafo ,2015-01-01
1032,138,Italian,Il fotografo ,2010-01-01
1033,138,Croatian,Fotograf,2011-02-18
1034,138,Russian,Фотограф ,2014-07-04
1035,138,Dutch,De fotograaf ,2015-01-01
1036,138,Polish,Fotograf ,2015-01-01
1037,138,Danish,Fotografen,2007-01-01
1038,138,Czech,Fotograf ,2012-01-01
1039,138,German,Der Fotograf ,2015-07-23
1040,138,Norwegian,Fotografen ,2007-01-01
1041,252,Greek,Το πορτρέτο του Ντόριαν Γκρέη ,2012-01-01
1042,252,Turkish,Dorian Gray'in Portresi - NTV Çizgi Klasik,2010-03-01
1043,252,Russian,Портрет Дориана Грея ,2014-01-01
1044,211,Spanish,El Playboy ,2008-01-01
1045,211,Italian,Il Playboy ,
1046,211,Finnish,Playboy-tarinoita ,1993-01-01
1047,139,French,La propriété,2013-10-12
1048,139,Italian,La proprietà ,2013-06-28
1049,139,Polish,Zaduszki ,2013-01-01
1050,139,Swedish,Egendomen ,2016-01-01
1051,139,Portuguese,A propriedade ,2015-01-01
1052,139,Hebrew,הנכס [Nekhes] ,
1053,139,German,Das Erbe,2013-01-01
1054,139,Croatian,Imovina ,2015-10-01
1055,139,Spanish,La Propiedad,2013-01-01
1056,193,Spanish,El escultor ,2015-04-07
1057,193,French,Le Sculpteur,2015-03-19
1058,193,Italian,Lo scultore ,2015-04-23
1059,193,Czech,Sochař ,2016-01-01
1060,193,Portuguese,O Escultor ,2015-12-01
1061,193,Dutch,De Beeldhouwer ,2015-02-01
1062,193,Greek,Ο γλύπτης ,2015-11-15
1063,193,Russian,Скульптор ,2016-07-01
1064,193,German,Der Bildhauer ,2015-03-17
1065,193,Polish,Stwórca ,2015-11-17
1066,144,Portuguese,A Espada Ajuramentada ,2013-03-15
1067,144,German,Der Heckenritter II: Das verschworene Schwert ,2013-04-15
1068,144,Czech,Přísežný meč ,2015-01-01
1069,144,Russian,Присяжный рыцарь ,
1070,144,Croatian,Lutajući vitez II: Zakleti mač ,2012-01-01
1071,144,Italian,The hedge knight II: Spada giurata ,2010-12-31
1072,145,Portuguese,A História de um Rato Mau ,2016-07-14
1073,145,Spanish,El cuento de una rata mala ,2013-07-01
1074,145,Finnish,Tuhman rotan tarina,
1075,145,Czech,Pohádka o zlobivé kryse ,2008-01-01
1076,145,Italian,La storia del topo cattivo ,2008-01-01
1077,145,Serbian,Priča o jednom lošem pacovu,2014-01-01
1078,145,German,Die Geschichte von einer bösen Ratte ,2009-01-01
1079,147,Russian,Невероятные приключения Лавлейс и Бэббиджа. (Почти) правдивая история первого компьютера,2017-01-01
1080,148,Italian,La comica tragedia o la tragica commedia di Mr Punch ,2005-10-01
1081,148,Portuguese,A Comédia Trágica ou a Tragédia Cômica de Mr. Punch ,2010-01-01
1082,148,Spanish,La Trágica Comedia o Cómica Tragedia de Mr. Punch ,2001-10-01
1083,148,French,La Comédie Tragique Ou La Tragédie Comique De Mr. Punch,2003-01-01
1084,233,French,Les Voyeurs ,2015-03-19
1085,233,German,Die Voyeure,2013-01-01
1091,208,Spanish,Aquel verano ,2014-07-01
1092,208,Italian,E la chiamano estate ,2014-01-01
1093,208,French,Cet été-là ,2014-05-14
1094,208,Portuguese,Finalmente O Verão ,2015-04-01
1095,208,German,Ein Sommer am See ,2015-07-16
1096,208,Swedish,Den sommaren ,2015-10-01
1097,208,Danish,Den her sommer ,2016-01-08
1098,185,Spanish,Inolvidable,2008-01-01
1099,185,Italian,Smetto quando voglio,2013-11-20
1100,185,German,Unvergessene Zeiten ,2010-01-01
1101,185,French,Plus cool Tu meurs,2009-09-15
1102,151,Spanish,Top 10: The Forty-Niners ,2009-01-23
1103,151,Czech,Devětačtyřicátníci ,2006-11-20
1104,151,Korean,Top 10: The Forty-Niners,
1105,150,Portuguese,Ao coração da tempestade,2010-11-29
1106,150,Spanish,Viaje al corazón de la tormenta ,1999-01-01
1107,150,French,Au cœur de la tempête ,2009-01-01
1108,150,Finnish,Myrskyn silmään ,1991-01-01
1109,150,German,To the Heart of the Storm,
1110,153,French,Dessous ,2012-01-01
1111,153,Spanish,Intimidades ,2012-01-01
1112,153,Dutch,Meideles ,2013-01-01
1113,153,Italian,Sotto ,2014-09-19
1118,224,French,Seules contre tous,2014-01-09
1119,224,Spanish,Por nuestra cuenta,2007-01-01
1120,224,Swedish,När mamma brände Gud ,2011-01-01
1121,224,Polish,Skazane na siebie,2014-06-01
1122,247,Dutch,Toen David zijn stem verloor ,2012-01-01
1123,247,French,David les femmes et la mort ,2012-01-13
1124,247,Swedish,När David tappade rösten ,2015-01-01
1125,247,Spanish,Los silencios de David ,
1126,247,Polish,Kiedy Dawid stracił głos,2014-12-01
1127,247,German,Als David seine Stimme verlor ,2014-03-10
1128,163,Spanish,Por qué odio Saturno ,2000-03-01
1129,163,Italian,Perché odio Saturno ,2003-01-01
1130,215,Spanish,Wimbledon Green: El mayor coleccionista de cómics del mundo ,2011-01-01
1131,215,Portuguese,Wimbledon Green,2014-01-01
1132,179,Spanish,You Are Here,2005-11-01
1135,36,Spanish,Civil War ,2010-10-15
1136,36,French,Guerre civile ,2016-10-20
1137,36,Portuguese,Guerra Civil ,2010-01-01
1138,36,Turkish,İç Savaş,2010-04-01
1139,36,German,Civil War ,2008-01-01
1140,36,Russian,Гражданская война ,2010-01-01
1141,36,Italian,Civil War ,2009-03-23
1142,36,Romanian,Civil War ,2016-02-25
1143,36,Finnish,Civil War ,2016-01-01
1144,36,Polish,Wojna domowa ,2016-12-01
1145,36,Greek,Civil War: Εμφύλιος Πόλεμος ,2010-05-01
1146,44,Polish,Nowa granica ,2015-12-01
1147,44,Spanish,JLA: La Nueva Frontera ,2016-11-01
1148,61,Italian,Ghost World ,2007-01-01
1149,61,Turkish,Ghost World ,2016-03-01
1150,61,Portuguese,Mundo Fantasma,2011-04-01
1151,61,Russian,Призрачный мир ,2013-01-01
1152,61,German,Ghost World ,2000-03-01
1153,61,Serbian,Svet duhova ,2012-01-01
1154,61,Swedish,Ghost World ,2002-01-01
1155,61,Slovenian,Svet duhov ,2007-10-16
1156,61,Serbian,Svet duhova ,2013-11-26
1157,61,Danish,Ghost World,2006-01-01
1162,258,Indonesian,Kartun Riwayat Peradaban Jilid III ,2007-01-01
1163,259,Italian,Rovine ,2017-04-20
1164,259,Spanish,Ruinas ,2015-01-01
1165,259,Portuguese,Ruínas ,2016-12-01
1166,260,Portuguese,Balas Perdidas 1 ,
1167,262,Spanish,Parker #1: El cazador ,2010-01-01
1168,262,Portuguese,Richard Stark's Parker: O Caçador ,2015-07-01
1169,262,Czech,Parker: Lovec ,2016-06-01
1170,262,Serbian,Parker Ričarda Starka: Lovac,2014-07-02
1171,262,French,Le chasseur,2010-03-26
1172,263,Portuguese,Marvels ,2013-12-04
1173,263,Italian,Marvels: L'era degli eroi ,2005-01-28
1174,263,Spanish,Marvels ,1999-05-01
1175,263,Russian,Чудеса ,2014-03-27
1176,263,German,Marvels ,2013-09-11
1177,263,Finnish,Marvels ,2001-01-01
1178,263,Greek,Marvels: Η εποχή των θαυμάτων ,2009-11-13
1179,263,Turkish,Marvels - Mucizeler,2015-01-01
1180,263,Polish,Marvels ,2013-05-22
1181,263,Serbian,Čudesni ,2017-01-01
1182,263,Czech,Zázraky ,2013-07-01
1183,263,French,Marvels,2015-03-04
1184,264,Spanish,Nimona ,2016-02-01
1185,264,Portuguese,Nimona ,2016-09-22
1186,264,Italian,Nimona ,2016-02-11
1187,264,Dutch,Nimona ,2016-05-16
1188,264,French,Nimona,2015-05-22
1189,264,Indonesian,Nimona,2017-06-01
1190,264,German,Nimona ,2016-01-01
1191,265,French,"Demon, volume 1",2016-11-16
1192,266,Italian,Bone ,2011-11-10
1193,266,German,Bone ,2009-01-01
1194,266,French,Bone Intégrale ,2015-11-12
1195,267,Spanish,Entender el cómic. El arte invisible,2005-03-15
1196,267,French,L'Art invisible : Comprendre la bande dessinée ,2007-10-24
1197,267,Italian,Capire il fumetto. L’arte invisibile,2006-01-01
1198,267,German,Comics richtig lesen,1999-09-01
1199,267,Russian,Понимание комикса ,2016-09-01
1200,267,Portuguese,Desvendando os quadrinhos ,2004-01-01
1201,267,Czech,Jak rozumět komiksu,2008-01-01
1202,267,Polish,Zrozumieć komiks - Niewidzialna sztuka ,2015-02-25
1203,267,Indonesian,Memahami Komik ,2008-01-01
1204,267,Persian,هنر کمیک، جلد اول ,2012-07-24
1205,267,Dutch,De onzichtbare kunst: understanding comics ,2009-01-01
1206,267,Finnish,Sarjakuva - näkymätön taide ,1994-01-01
1207,267,Croatian,Kako čitati strip ,2005-01-01
1208,267,Greek,Κατανοώντας τα Κόμικς: Η Αόρατη Τέχνη,2014-03-01
1209,267,Swedish,Serier: den osynliga konsten ,1995-01-01
1210,267,Slovenian,Kako razumeti strip ,2011-11-04
1211,267,Korean,만화의 이해 ,2008-07-01
1212,268,Spanish,Wonder Woman: La verdadera amazona,2017-02-28
1213,268,Finnish,Ihmenainen: todellinen amatsoni ,2017-01-01
1219,283,Italian,Sin City: Affari di famiglia,2005-01-01
1220,283,Spanish,Sin City. Valores familiares,2005-08-25
1221,283,Russian,Город Грехов 5: Семейные ценности,2014-01-01
1222,283,Finnish,Sin City – Perhearvot,2000-01-01
1223,283,Portuguese,Sin City: Valores Familiares ,2010-06-01
1224,283,Czech,Sin City. Rodinný hodnoty,2010-01-01
1225,283,French,Sin City. Valeurs Familiales,2001-11-05
1226,283,Polish,"Sin City, Vol. 5: Rodzinne Wartości",2010-01-01
1227,283,German,Sin City. Familienbande,2011-09-01
1228,283,Greek,Sin City. Αξίες της οικογένειας,2007-12-01
1249,284,German,Between the Sheets,2005-01-03
1250,284,French,Entre Les Draps,2004-02-01
1251,284,English,Between the Sheets,2003-05-06
1252,90,German,Kirihito 1,2009-10-22
1253,2,English,A Drifting Life,
1255,223,English,"A Game for Swallows: To Die, To Leave, To Return",
1256,7,English,"Akira, Vol. 1",
1257,199,English,Blue is the Warmest Color (Blue Angel),
1258,227,English,Blue Pills: A Positive Love Story,
1259,25,English,"Buddha, Vol. 1: Kapilavastu",
1260,51,English,Epileptic (L'Ascension du haut mal),
1261,196,English,In Search of Lost Time: Swann's Way,
1262,78,English,"Lone Wolf and Cub, Omnibus 1",
1263,90,English,Ode to Kirihito. Part One,
1264,248,English,Ode to Kirihito. Part Two,
1265,48,English,Portrait of A Dubliner,
1266,101,English,Pyongyang: A Journey in North Korea,
1267,226,English,Siberia,
1268,229,English,Tekkon Kinkreet: Black and White,
1269,133,English,The Incal (L'Incal),
1270,138,English,The Photographer,
1272,295,Spanish,300,2000-04-01
1273,295,French,300,2002-10-01
1274,295,Italian,300,2006-05-01
1275,295,Portuguese,Os 300 de Esparta ,2006-01-01
1276,295,Serbian,300,2007-01-01
1277,295,Greek,300,2012-03-28
1278,295,German,300,2006-06-01
1279,295,Czech,300: Bitva u Thermopyl ,2014-01-01
1280,295,Bulgarian,300,2007-01-01
1281,295,Polish,300,2017-01-01
1282,295,Russian,300,2015-01-01
1283,295,Croatian,300,2018-04-23
1284,295,Turkish,300,2007-08-01
1285,295,Swedish,300,2007-03-01
1286,294,Italian,Alta società. Una storia di Cerebus ,2010-10-01
1287,294,Spanish,Alta sociedad: Una historia de Cerebus,2010-01-01
1288,294,French,High Society ,2010-08-18
1289,293,Portuguese,Ronin,2017-06-30
1290,293,Italian,Ronin,1991-01-01
1291,293,Croatian,Ronin,2014-02-20
1292,293,Spanish,Ronin: Edición Absolute ,2010-01-01
1293,292,Spanish,La escena del crimen ,2015-04-07
1294,292,French,Scene de Crime ,2013-10-02
1295,292,Italian,La scena del crimine: Un pezzetto di buonanotte ,2001-01-01
1296,291,Spanish,Niñatos ,
1297,290,Spanish,Orquídea Negra ,2007-01-01
1298,290,Turkish,Siyah Orkide ,2018-01-01
1299,290,Czech,Černá orchidej ,2014-01-01
1300,290,Portuguese,Orquídea Negra ,2013-01-01
1301,290,Italian,Black Orchid ,2012-01-01
1302,290,Serbian,Crna orhideja ,2015-11-01
1303,290,German,Black Orchid ,2009-06-19
1304,290,Polish,Czarna Orchidea ,2006-01-01
1305,290,Dutch,Black Orchid ,2014-01-01
1306,290,French,L'Orchidée noire ,2009-11-04
1307,289,Indonesian,Dropsie Avenue: The Neighborhood - Jalan Raya Dropsie: Pemukiman,2010-01-01
1308,289,Portuguese,Avenida Dropsie: A Vizinhança ,2009-01-01
1309,289,Italian,Dropsie Avenue ,1999-01-01
1310,289,Spanish,La Avenida Dropsie ,1995-01-01
1311,289,French,Dropsie Avenue : Biographie d'une rue du Bronx ,2007-04-18
1312,289,Croatian,Susjedstvo: Dropsie Avenija ,2012-01-01
1313,289,Danish,Dropsie Avenue ,1995-01-01
1314,288,Spanish,La muerte de Superman ,1993-07-01
1315,288,Polish,Superman: Śmierć Supermana ,2017-07-12
1316,288,Indonesian,The Death of Superman ,2016-01-01
1317,288,Portuguese,A Morte do Super-Homem ,1995-01-01
1318,288,Greek,Ο θάνατος του Σούπερμαν ,2014-01-01
1319,288,Hungarian,Superman halála ,2017-07-02
1320,288,Czech,Superman: Supermanova smrt,2017-01-01
1321,288,German,Superman: Der Tod von Superman,2015-06-10
1326,13,English,Barefoot Gen. Vol.1. Cartoon Story of Hiroshima,
1327,100,English,Onward Towards Our Noble Deaths,
1328,298,German,Perdita Durango: Das Buch zum Film ,1998-01-01
1329,299,Spanish,The Sandman: Estación de Nieblas ,2014-01-01
1330,299,Turkish,Sisler Mevsimi ,2017-12-01
1331,299,Portuguese,Sandman: Estação das Brumas ,2006-01-01
1332,299,Russian,Песочный человек. Книга 4: Пора туманов ,2015-06-01
1333,299,Italian,La stagione delle nebbie,2001-01-01
1334,299,Czech,Sandman: Údobí mlh ,2005-01-01
1335,299,Serbian,Sendmen 4: Sezona sumaglica ,2009-01-01
1336,299,Polish,Sandman: Pora mgieł ,2010-05-01
1337,299,Finnish,Utujen vuodenaika ,2016-01-01
1338,299,German,Sandman 04 Die Zeit des Nebels ,2008-01-01
1339,299,French,"Sandman, tome 4 : La Saison des brumes",2003-11-01
1340,299,Hangarian,Párák évszaka ,2011-09-01
1341,299,Dutch,Seizoen der Nevelen ,2015-01-01
1342,300,Spanish,Mataría por ella ,2009-11-17
1343,300,Italian,Sin City: Una donna per cui uccidere,2005-05-01
1344,300,French,J'ai tué pour elle ,2002-10-01
1345,300,Russian,"Город Грехов 2: Женщина, за которую стоит убивать ",2013-07-01
1346,300,Portuguese,Sin City: A Dama Fatal ,2005-01-01
1347,300,Finnish,Sin City – Kaiken takana on nainen ,2005-01-01
1348,300,German,"Eine Braut, für die man mordet ",2005-01-01
1349,300,Czech,"Sin City #2: Dáma, pro kterou se zabíjí ",1999-01-01
1350,300,Greek,Η κυρία θέλει φόνο ,1998-01-01
1351,300,Polish,Damulka warta grzechu. Opowieść z Miasta Grzechu ,2003-01-01
1352,300,Lithuanian,"Sin City. Moteris, dėl kurios žudytum",2007-01-01
1353,300,Bulgarian,"Sin City Част 2: Жена, за която да убиеш ",2006-01-01
1354,300,Serbian,Grad Greha 2: Ubistva vredna ,2006-03-01
1355,300,Catalan,Sin City 2: Mataria per ella ,2008-05-30
1356,300,Hungarian,"Sin City, Vol. 2: Ölni tudnál érte ",2006-01-01
1357,301,Italian,Affari di famiglia ,1998-01-01
1358,301,Portuguese,Assunto de Família,2009-01-01
1359,301,Spanish,Una cuestión de familia ,1998-01-01
1360,301,Polish,Sprawa rodzinna i inne historie ,2011-02-28
1361,301,Danish,En familiesag ,1998-01-01
1362,302,Italian,Gente invisibile ,1998-01-01
1363,302,Finnish,Näkymättömät ihmiset ,1993-01-01
1364,302,Danish,Usynlige mennesker ,1992-01-01
1365,302,German,Unsichtbare Menschen ,1993-01-01
1366,303,Spanish,Muerte: Lo mejor de tu vida,2005-03-01
1367,303,Czech,Smrt: Nejlepší čas tvého života,2012-01-01
1368,303,Italian,Death: Il grande momento della tua vita ,1999-01-01
1369,303,French,Temps fort de la vie ,2009-06-17
1370,304,Spanish,Batman & Drácula ,1991-01-01
1374,307,Portuguese,A Saga do Monstro do Pântano: Livro Quatro ,2015-05-01
1375,307,Spanish,La cosa del pantano Libro 4 ,2014-09-01
1376,307,Finnish,Rämeen olento – Neljäs kirja ,2015-09-01
1377,307,Czech,Swamp Thing - Hejno vran ,2012-01-01
1378,307,Croatian,Šumski parlament ,2015-06-20
1379,307,Italian,Swamp Thing di Alan Moore volume 4,2015-06-01
1380,308,Italian,Chiesa & Stato Vol. 1 ,2011-10-01
1381,308,Spanish,"Cerebus: Iglesia y Estado, primera parte",2011-01-01
1383,312,Spanish,Wolverine,2014-12-23
1384,312,Russian,Росомаха ,2014-03-13
1385,312,Portuguese,"Eu, Wolverine ",2015-11-25
1386,312,German,Wolverine,2013-04-24
1387,312,Polish,Wolverine ,2013-02-16
1388,312,Hungarian,Rozsomák,2018-04-26
1389,312,French,Wolverine,2014-06-01
1390,313,Russian,Бэтмен: Лечебница Аркхем - дом скорби на скорбной земле,2013-10-01
1391,313,Portuguese,Asilo Arkham Uma séria casa em um sério mundo ,2012-01-01
1392,313,Turkish,Batman: Arkham Tımarhanesi ,2016-08-01
1393,313,Italian,"Batman: Arkham Asylum, un lugar sensato en una tierra sensata ",2008-01-01
1394,313,Spanish,Grandes autores de Batman: Asilo Arkham ,2014-06-01
1395,313,French,Batman : Arkham asylum ,2014-06-12
1396,313,Serbian,Betmen: Ludnica Arkam - Ozbiljna Kuća na Ozbiljnoj Zemlji ,2014-06-06
1397,313,Polish,Batman - Azyl Arkham ,2005-01-01
1398,314,Spanish,Camelot 3000 ,1993-01-01
1399,314,Portuguese,Camelot 3000 ,2010-01-01
1400,314,Italian,Camelot 3000 ,1999-01-01
1401,315,Italian,"Love and Rockets, Vol. 1: Razzi e musica ",2000-01-01
1402,298,Spanish,Perdita Durango,1997-11-01
1403,298,French,Perdita Durango,1996-01-01
1415,332,Modern Greek,Έλρικ του Μελνιμπονέ,1997-01-01
1416,332,Spanish,Elric de Melniboné,2010-02-02
1417,332,French,Elric des dragons,2005-01-05
1418,332,Portuguese,Elric - Príncipe dos Dragões,2005-01-01
1419,332,Turkish,Melnibone'lu Elric,2005-01-01
1420,332,Serbian,Elrik od Melnibonea,2002-01-01
1421,332,Italian,Elric di Melniboné,1985-01-01
1422,332,Polish,Elryk z Melniboné,1994-01-01
1423,332,Finnish,Elric Melnibonélainen,1994-01-01
1424,332,German,Elric von Melniboné,1979-01-01
1425,332,Dutch,Elric van Melniboné: De Duistere Saga van de Albino-Koning van het Drakeneiland,2007-01-01
1426,332,Estonian,Elric Melnibonést,2000-01-01
1427,332,Russian,Элрик из Мелнибонэ,2017-08-28
1428,332,Swedish,Elric av Melniboné,1988-01-01
1429,332,Chinese,永恆戰士之梅尼波內的艾爾瑞克,2007-02-01
1430,332,Lithuanian,Elriko kronikos,2006-01-01
1431,332,Hungarian,Melnibonéi Elric,1993-01-01
1432,332,Hebrew,אלריק ממבלניבונה,2005-01-01
1433,332,Czech,Elrik z Melniboné,1998-01-01
1434,333,Indonesian,Kartun Riwayat Amerika Serikat,2008-02-01
1435,334,French,Jimi Hendrix: la légende du voodoo child,2008-01-01
1436,334,Spanish,Voodoo Child: La leyenda de Jimi Hendrix,2008-01-01
1437,335,Spanish,Lowlife,2006-07-14
